YEAR,PLAYER,PCT_FGA_2PT,PCT_FGA_3PT,MIN,POSITION
2016-17,Aaron Brooks,57.3,42.7,13.7,PG
2016-17,Aaron Gordon,69.1,30.9,28.7,SF
2016-17,Adreian Payne,72.2,27.8,7.5,PF
2016-17,Al Horford,69.8,30.2,32.3,C
2016-17,Al Jefferson,99.8,0.2,14.1,C
2016-17,Al-Farouq Aminu,54.5,45.5,29.1,PF
2016-17,Alan Anderson,45.0,55.0,10.3,SF
2016-17,Alan Williams,99.6,0.4,15.1,C
2016-17,Alec Burks,69.4,30.6,15.5,SG
2016-17,Alex Len,97.4,2.6,20.3,C
2016-17,Allen Crabbe,53.3,46.7,28.5,SG
2016-17,Alonzo Gee,78.6,21.4,6.9,SF
2016-17,Amir Johnson,82.2,17.8,20.1,PF
2016-17,Andre Drummond,99.2,0.8,29.7,C
2016-17,Andre Iguodala,57.3,42.7,26.3,SF
2016-17,Andre Roberson,60.3,39.7,30.1,SF
2016-17,Andrew Bogut,98.8,1.2,21.6,C
2016-17,Andrew Harrison,56.7,43.3,20.5,PG
2016-17,Andrew Nicholson,75.7,24.3,9.0,PF
2016-17,Andrew Wiggins,81.6,18.4,37.2,SF
2016-17,Anthony Davis,91.2,8.8,36.1,C
2016-17,Anthony Morrow,47.2,52.8,14.6,SG
2016-17,Anthony Tolliver,34.5,65.5,22.7,PF
2016-17,Arinze Onuaku,100.0,0.0,3.5,C
2016-17,Aron Baynes,100.0,0.0,15.5,C
2016-17,Arron Afflalo,64.0,36.0,25.9,SG
2016-17,Austin Rivers,59.1,40.9,27.8,SG
2016-17,Avery Bradley,64.3,35.7,33.4,SG
2016-17,Ben McLemore,59.4,40.6,19.3,SG
2016-17,Beno Udrih,83.8,16.2,14.4,PG
2016-17,Bismack Biyombo,100.0,0.0,22.1,C
2016-17,Blake Griffin,88.4,11.6,34.0,PF
2016-17,Boban Marjanovic,100.0,0.0,8.4,C
2016-17,Bobby Brown,41.7,58.3,4.9,PG
2016-17,Bobby Portis,74.4,25.6,15.6,PF
2016-17,Bojan Bogdanovic,53.6,46.4,25.7,SF
2016-17,Boris Diaw,75.2,24.8,17.6,PF
2016-17,Bradley Beal,58.2,41.8,34.9,SG
2016-17,Brandan Wright,99.3,0.7,16.0,PF
2016-17,Brandon Bass,98.4,1.6,11.1,PF
2016-17,Brandon Ingram,72.7,27.3,28.9,SF
2016-17,Brandon Jennings,52.9,47.1,22.2,PG
2016-17,Brandon Knight,73.5,26.5,21.1,SG
2016-17,Brandon Rush,39.0,61.0,21.9,SG
2016-17,Brian Roberts,63.9,36.1,10.2,PG
2016-17,Brice Johnson,100.0,0.0,3.1,PF
2016-17,Brook Lopez,67.0,33.0,29.6,C
2016-17,Bruno Caboclo,62.5,37.5,4.5,SF
2016-17,Bryn Forbes,46.5,53.5,7.9,SG
2016-17,Buddy Hield,50.6,49.4,23.0,SG
2016-17,C.J. Watson,57.7,42.3,16.3,PG
2016-17,CJ McCollum,69.5,30.5,34.9,SG
2016-17,Cameron Payne,55.4,44.6,14.9,PG
2016-17,Caris LeVert,51.6,48.4,21.7,SF
2016-17,Carmelo Anthony,69.7,30.3,34.3,SF
2016-17,Chandler Parsons,58.1,41.9,19.8,SF
2016-17,Channing Frye,35.6,64.4,18.9,C
2016-17,Cheick Diallo,100.0,0.0,11.7,PF
2016-17,Chinanu Onuaku,100.0,0.0,10.3,C
2016-17,Chris Andersen,86.4,13.6,9.5,C
2016-17,Chris McCullough,78.1,21.9,5.0,PF
2016-17,Chris Paul,61.5,38.5,31.5,PG
2016-17,Christian Wood,78.3,21.7,8.2,PF
2016-17,Clint Capela,100.0,0.0,23.9,C
2016-17,Cody Zeller,99.8,0.2,27.8,C
2016-17,Cole Aldrich,100.0,0.0,8.6,C
2016-17,Corey Brewer,66.1,33.9,15.6,SF
2016-17,Cory Joseph,79.6,20.4,25.0,PG
2016-17,Courtney Lee,61.8,38.2,31.9,SG
2016-17,D'Angelo Russell,55.7,44.3,28.7,PG
2016-17,D.J. Augustin,47.0,53.0,19.7,PG
2016-17,Damian Jones,100.0,0.0,8.5,C
2016-17,Damian Lillard,61.1,38.9,35.9,PG
2016-17,Daniel Ochefu,100.0,0.0,3.9,C
2016-17,Danilo Gallinari,56.8,43.2,33.9,SF
2016-17,Danny Green,30.7,69.3,26.6,SG
2016-17,Dante Cunningham,49.6,50.4,25.0,PF
2016-17,Dante Exum,59.0,41.0,18.6,PG
2016-17,Darrell Arthur,45.6,54.4,15.6,PF
2016-17,Darren Collison,75.5,24.5,30.3,PG
2016-17,Darrun Hilliard,63.5,36.5,9.8,SG
2016-17,David Lee,100.0,0.0,18.7,PF
2016-17,David West,96.8,3.2,12.6,C
2016-17,Davis Bertans,26.1,73.9,12.1,PF
2016-17,DeAndre Jordan,99.7,0.3,31.7,C
2016-17,DeAndre Liggins,67.6,32.4,12.5,SG
2016-17,DeAndre' Bembry,81.6,18.4,9.8,SF
2016-17,DeMar DeRozan,92.0,8.0,35.4,SG
2016-17,DeMarcus Cousins,74.7,25.3,34.2,C
2016-17,DeMarre Carroll,41.8,58.2,26.1,SF
2016-17,Dejounte Murray,80.2,19.8,8.5,PG
2016-17,Delon Wright,74.1,25.9,16.5,PG
2016-17,Demetrius Jackson,75.0,25.0,3.4,PG
2016-17,Denzel Valentine,27.8,72.2,17.1,SG
2016-17,Deron Williams,61.0,39.0,25.9,PG
2016-17,Derrick Favors,97.6,2.4,23.7,PF
2016-17,Derrick Rose,93.9,6.1,32.5,PG
2016-17,Derrick Williams,60.2,39.8,16.1,PF
2016-17,Devin Booker,71.7,28.3,35.0,SG
2016-17,Devin Harris,48.1,51.9,16.7,PG
2016-17,Dewayne Dedmon,100.0,0.0,17.5,C
2016-17,Deyonta Davis,100.0,0.0,6.6,C
2016-17,Diamond Stone,100.0,0.0,3.5,C
2016-17,Dion Waiters,67.6,32.4,30.1,SG
2016-17,Dirk Nowitzki,69.2,30.8,26.4,PF
2016-17,Domantas Sabonis,66.9,33.1,20.1,PF
2016-17,Donatas Motiejunas,65.9,34.1,14.1,PF
2016-17,Dorian Finney-Smith,42.6,57.4,20.3,PF
2016-17,Doug McDermott,58.1,41.9,22.8,SF
2016-17,Dragan Bender,37.3,62.7,13.3,PF
2016-17,Draymond Green,59.5,40.5,32.5,PF
2016-17,Dwight Howard,99.7,0.3,29.7,C
2016-17,Dwight Powell,80.4,19.6,17.3,C
2016-17,Dwyane Wade,84.8,15.2,29.9,SG
2016-17,E'Twaun Moore,66.4,33.6,24.9,SG
2016-17,Ed Davis,100.0,0.0,17.2,PF
2016-17,Elfrid Payton,84.0,16.0,29.4,PG
2016-17,Emmanuel Mudiay,67.7,32.3,25.6,PG
2016-17,Enes Kanter,94.8,5.2,21.3,C
2016-17,Eric Bledsoe,70.0,30.0,33.0,PG
2016-17,Eric Gordon,34.9,65.1,31.0,SG
2016-17,Ersan Ilyasova,54.8,45.2,26.1,PF
2016-17,Evan Fournier,61.3,38.7,32.8,SG
2016-17,Evan Turner,78.6,21.4,25.5,SF
2016-17,Frank Kaminsky,55.9,44.1,26.1,C
2016-17,Fred VanVleet,73.9,26.1,7.9,PG
2016-17,Garrett Temple,49.1,50.9,26.6,SG
2016-17,Gary Harris,60.0,40.0,31.3,SG
2016-17,George Hill,61.6,38.4,31.5,PG
2016-17,Georges Niang,66.7,33.3,4.0,PF
2016-17,Georgios Papagiannis,98.0,2.0,16.1,C
2016-17,Gerald Green,52.2,47.8,11.4,SF
2016-17,Gerald Henderson,68.7,31.3,23.2,SG
2016-17,Giannis Antetokounmpo,85.7,14.3,35.6,SF
2016-17,Goran Dragic,74.3,25.7,33.7,PG
2016-17,Gordon Hayward,67.6,32.4,34.5,SF
2016-17,Gorgui Dieng,93.5,6.5,32.4,PF
2016-17,Greg Monroe,99.4,0.6,22.5,C
2016-17,Harrison Barnes,82.7,17.3,35.5,PF
2016-17,Hassan Whiteside,100.0,0.0,32.6,C
2016-17,Henry Ellenson,45.3,54.7,7.7,PF
2016-17,Ian Clark,62.4,37.6,14.8,SG
2016-17,Ian Mahinmi,100.0,0.0,17.9,C
2016-17,Iman Shumpert,46.6,53.4,25.5,SG
2016-17,Isaiah Canaan,45.7,54.3,15.2,SG
2016-17,Isaiah Thomas,56.1,43.9,33.8,PG
2016-17,Isaiah Whitehead,70.7,29.3,22.5,PG
2016-17,Ish Smith,86.0,14.0,24.1,PG
2016-17,Ivica Zubac,98.7,1.3,16.0,C
2016-17,J.J. Barea,56.9,43.1,22.0,PG
2016-17,JaMychal Green,71.0,29.0,27.3,PF
2016-17,JaVale McGee,99.1,0.9,9.6,C
2016-17,Jabari Parker,78.1,21.9,33.9,PF
2016-17,Jae Crowder,45.3,54.7,32.4,SF
2016-17,Jahlil Okafor,100.0,0.0,22.7,C
2016-17,Jake Layman,42.7,57.3,7.1,SF
2016-17,Jamal Crawford,63.0,37.0,26.3,SG
2016-17,Jamal Murray,52.9,47.1,21.5,SG
2016-17,Jameer Nelson,54.8,45.2,27.3,PG
2016-17,James Harden,50.7,49.3,36.4,PG
2016-17,James Johnson,66.7,33.3,27.4,PF
2016-17,James Jones,28.3,71.7,7.9,SF
2016-17,James Michael McAdoo,93.2,6.8,8.8,PF
2016-17,James Young,39.7,60.3,7.6,SG
2016-17,Jared Dudley,41.3,58.7,21.3,PF
2016-17,Jared Sullinger,61.7,38.3,10.7,PF
2016-17,Jarell Martin,83.4,16.6,13.3,PF
2016-17,Jason Smith,76.3,23.7,14.4,C
2016-17,Jason Terry,29.6,70.4,18.4,SG
2016-17,Jaylen Brown,68.2,31.8,17.2,SF
2016-17,Jeff Green,65.4,34.6,22.2,PF
2016-17,Jeff Teague,72.3,27.7,32.4,PG
2016-17,Jeff Withey,99.0,1.0,8.5,C
2016-17,Jerami Grant,64.6,35.4,19.1,PF
2016-17,Jeremy Lamb,70.3,29.7,18.4,SG
2016-17,Jeremy Lin,61.0,39.0,24.5,PG
2016-17,Jerian Grant,55.5,44.5,16.3,PG
2016-17,Jerryd Bayless,84.4,15.6,23.8,PG
2016-17,Jimmy Butler,80.2,19.8,37.0,SF
2016-17,Joakim Noah,99.5,0.5,22.1,C
2016-17,Jodie Meeks,46.5,53.5,20.5,SG
2016-17,Joe Harris,39.0,61.0,21.9,SG
2016-17,Joe Ingles,38.1,61.9,24.1,SF
2016-17,Joe Johnson,58.8,41.2,23.6,SF
2016-17,Joe Young,68.1,31.9,4.1,PG
2016-17,Joel Bolomboy,75.0,25.0,4.4,PF
2016-17,Joel Embiid,77.2,22.8,25.4,C
2016-17,Joffrey Lauvergne,70.8,29.2,14.0,PF
2016-17,John Henson,99.7,0.3,19.4,C
2016-17,John Jenkins,60.0,40.0,3.2,SG
2016-17,John Lucas III,75.0,25.0,2.1,PG
2016-17,John Wall,81.0,19.0,36.4,PG
2016-17,Jon Leuer,74.1,25.9,25.9,PF
2016-17,Jonas Jerebko,50.4,49.6,15.8,PF
2016-17,Jonas Valanciunas,99.7,0.3,25.8,C
2016-17,Jonathon Simmons,75.8,24.2,17.9,SG
2016-17,Jordan Clarkson,66.8,33.2,29.2,SG
2016-17,Jordan Hill,100.0,0.0,6.7,C
2016-17,Jordan McRae,66.0,34.0,10.4,SG
2016-17,Jordan Mickey,97.1,2.9,5.6,PF
2016-17,Josh Huestis,63.6,36.4,15.4,PF
2016-17,Josh McRoberts,73.7,26.3,17.3,PF
2016-17,Josh Richardson,55.8,44.2,30.5,SG
2016-17,Jrue Holiday,68.5,31.5,32.7,PG
2016-17,Julius Randle,91.8,8.2,28.8,PF
2016-17,Justin Anderson,55.8,44.2,16.4,SF
2016-17,Justin Hamilton,52.5,47.5,18.4,C
2016-17,Justin Holiday,49.3,50.7,20.0,SG
2016-17,Justise Winslow,84.4,15.6,34.7,SF
2016-17,Jusuf Nurkic,99.8,0.2,21.4,C
2016-17,Karl-Anthony Towns,81.4,18.6,37.0,C
2016-17,Kawhi Leonard,70.5,29.5,33.4,SF
2016-17,Kay Felder,86.1,13.9,9.2,PG
2016-17,Kelly Olynyk,62.2,37.8,20.5,C
2016-17,Kemba Walker,58.5,41.5,34.7,PG
2016-17,Kenneth Faried,98.6,1.4,21.2,PF
2016-17,Kent Bazemore,63.1,36.9,26.9,SF
2016-17,Kentavious Caldwell-Pope,52.9,47.1,33.3,SG
2016-17,Kevin Durant,69.6,30.4,33.4,PF
2016-17,Kevin Love,55.1,44.9,31.4,PF
2016-17,Kevon Looney,91.6,8.4,8.4,C
2016-17,Khris Middleton,68.8,31.2,30.7,SF
2016-17,Klay Thompson,53.0,47.0,34.0,SG
2016-17,Kosta Koufos,99.7,0.3,20.0,C
2016-17,Kris Dunn,76.7,23.3,17.1,PG
2016-17,Kris Humphries,74.8,25.2,12.3,PF
2016-17,Kristaps Porzingis,68.1,31.9,32.8,PF
2016-17,Kyle Anderson,80.9,19.1,14.2,SF
2016-17,Kyle Korver,30.3,69.7,26.2,SG
2016-17,Kyle Lowry,49.0,51.0,37.4,PG
2016-17,Kyle O'Quinn,95.9,4.1,15.6,C
2016-17,Kyle Singler,55.4,44.6,12.0,SF
2016-17,Kyle Wiltjer,7.1,92.9,3.1,PF
2016-17,Kyrie Irving,68.9,31.1,35.1,PG
2016-17,LaMarcus Aldridge,94.7,5.3,32.4,PF
2016-17,Lance Thomas,65.2,34.8,21.0,PF
2016-17,Langston Galloway,43.5,56.5,20.2,PG
2016-17,Lavoy Allen,99.4,0.6,14.3,PF
2016-17,LeBron James,74.6,25.4,37.8,SF
2016-17,Leandro Barbosa,75.0,25.0,14.4,SG
2016-17,Lou Williams,55.3,44.7,24.6,SG
2016-17,Luc Mbah a Moute,70.9,29.1,22.3,SF
2016-17,Lucas Nogueira,92.3,7.7,19.1,C
2016-17,Luis Scola,66.9,33.1,12.8,PF
2016-17,Luke Babbitt,25.3,74.7,15.7,SF
2016-17,Luol Deng,61.1,38.9,26.5,SF
2016-17,Malachi Richardson,58.8,41.2,9.0,SG
2016-17,Malcolm Brogdon,69.6,30.4,26.4,SG
2016-17,Malcolm Delaney,71.6,28.4,17.1,PG
2016-17,Malik Beasley,61.6,38.4,7.5,SG
2016-17,Marc Gasol,76.9,23.1,34.2,C
2016-17,Marcelo Huertas,72.1,27.9,10.3,PG
2016-17,Marcin Gortat,99.7,0.3,31.2,C
2016-17,Marco Belinelli,54.0,46.0,24.0,SG
2016-17,Marcus Morris,64.5,35.5,32.5,SF
2016-17,Marcus Smart,55.7,44.3,30.4,SG
2016-17,Marcus Thornton,61.9,38.1,17.4,SG
2016-17,Mario Hezonja,56.4,43.6,14.8,SF
2016-17,Markieff Morris,78.0,22.0,31.2,PF
2016-17,Marquese Chriss,64.6,35.4,21.3,PF
2016-17,Marreese Speights,49.5,50.5,15.7,C
2016-17,Marshall Plumlee,100.0,0.0,8.1,C
2016-17,Marvin Williams,49.7,50.3,30.2,PF
2016-17,Mason Plumlee,99.0,1.0,26.5,C
2016-17,Matt Barnes,44.4,55.6,24.0,SF
2016-17,Matthew Dellavedova,59.7,40.3,26.1,PG
2016-17,Maurice Harkless,68.9,31.1,28.9,SF
2016-17,Maurice Ndour,91.9,8.1,10.4,PF
2016-17,Metta World Peace,44.1,55.9,6.4,SF
2016-17,Meyers Leonard,43.7,56.3,16.5,PF
2016-17,Michael Beasley,89.4,10.6,16.7,PF
2016-17,Michael Carter-Williams,79.1,20.9,18.8,PG
2016-17,Michael Gbinije,60.0,40.0,3.5,SG
2016-17,Michael Kidd-Gilchrist,98.5,1.5,29.0,SF
2016-17,Mike Conley,58.5,41.5,33.2,PG
2016-17,Mike Dunleavy,39.1,60.9,15.9,SF
2016-17,Mike Miller,13.0,87.0,7.5,SF
2016-17,Mike Muscala,67.4,32.6,17.7,C
2016-17,Mike Scott,54.2,45.8,10.8,PF
2016-17,Miles Plumlee,100.0,0.0,10.8,C
2016-17,Mindaugas Kuzminskas,54.5,45.5,14.9,SF
2016-17,Mirza Teletovic,27.0,73.0,16.2,PF
2016-17,Monta Ellis,75.8,24.2,27.0,SG
2016-17,Montrezl Harrell,98.0,2.0,18.3,C
2016-17,Myles Turner,86.8,13.2,31.4,C
2016-17,Nemanja Bjelica,50.3,49.7,18.3,PF
2016-17,Nerlens Noel,99.7,0.3,20.5,C
2016-17,Nick Collison,95.7,4.3,6.4,PF
2016-17,Nick Young,33.5,66.5,25.9,SG
2016-17,Nicolas Batum,58.5,41.5,34.0,SG
2016-17,Nik Stauskas,43.4,56.6,27.3,SG
2016-17,Nikola Jokic,83.7,16.3,27.9,C
2016-17,Nikola Mirotic,39.7,60.3,24.0,PF
2016-17,Nikola Vucevic,92.7,7.3,28.8,C
2016-17,Noah Vonleh,92.6,7.4,17.1,PF
2016-17,Norman Powell,65.8,34.2,18.0,SG
2016-17,Omri Casspi,73.8,26.2,17.8,PF
2016-17,Pascal Siakam,96.6,3.4,15.6,PF
2016-17,Pat Connaughton,54.2,45.8,8.1,SG
2016-17,Patrick Beverley,47.0,53.0,30.7,SG
2016-17,Patrick McCaw,49.8,50.2,15.1,SG
2016-17,Patrick Patterson,34.1,65.9,24.6,PF
2016-17,Patty Mills,42.8,57.2,21.9,PG
2016-17,Pau Gasol,82.8,17.2,25.4,C
2016-17,Paul George,63.2,36.8,35.9,SF
2016-17,Paul Millsap,75.2,24.8,34.0,PF
2016-17,Paul Pierce,38.6,61.4,11.1,SF
2016-17,Paul Zipser,55.2,44.8,19.2,SF
2016-17,Pierre Jackson,71.8,28.2,9.4,PG
2016-17,Quincy Acy,47.1,52.9,14.7,PF
2016-17,Rajon Rondo,76.3,23.7,26.7,PG
2016-17,Rakeem Christmas,100.0,0.0,7.6,PF
2016-17,Ramon Sessions,76.4,23.6,16.2,PG
2016-17,Randy Foye,37.5,62.5,18.6,SG
2016-17,Rashad Vaughn,48.1,51.9,11.2,SG
2016-17,Raul Neto,65.9,34.1,8.6,PG
2016-17,Raymond Felton,72.0,28.0,21.2,PG
2016-17,Reggie Bullock,43.0,57.0,15.1,SF
2016-17,Reggie Jackson,72.8,27.2,27.4,PG
2016-17,Richard Jefferson,45.8,54.2,20.4,SF
2016-17,Richaun Holmes,81.3,18.7,20.9,C
2016-17,Ricky Rubio,69.8,30.2,32.9,PG
2016-17,Robert Covington,43.7,56.3,31.6,SF
2016-17,Robin Lopez,99.7,0.3,28.0,C
2016-17,Rodney Hood,53.9,46.1,27.0,SG
2016-17,Rodney McGruder,52.2,47.8,25.2,SG
2016-17,Rodney Stuckey,75.4,24.6,17.9,PG
2016-17,Ron Baker,60.4,39.6,16.5,SG
2016-17,Rondae Hollis-Jefferson,87.6,12.4,22.6,SF
2016-17,Roy Hibbert,100.0,0.0,14.2,C
2016-17,Rudy Gay,74.4,25.6,33.8,SF
2016-17,Rudy Gobert,99.8,0.2,33.9,C
2016-17,Russell Westbrook,70.0,30.0,34.6,PG
2016-17,Ryan Anderson,34.5,65.5,29.4,PF
2016-17,Ryan Kelly,64.3,35.7,6.9,PF
2016-17,Salah Mejri,97.8,2.2,12.4,C
2016-17,Sam Dekker,56.4,43.6,18.4,PF
2016-17,Sasha Vujacic,45.6,54.4,9.7,SG
2016-17,Sean Kilpatrick,58.1,41.9,25.1,SG
2016-17,Semaj Christon,71.7,28.3,15.2,PG
2016-17,Serge Ibaka,67.7,32.3,30.7,PF
2016-17,Seth Curry,54.2,45.8,29.0,PG
2016-17,Shabazz Muhammad,75.8,24.2,19.4,SF
2016-17,Shabazz Napier,49.7,50.3,9.7,PG
2016-17,Shaun Livingston,99.1,0.9,17.7,PG
2016-17,Sheldon Mac,60.0,40.0,9.6,SG
2016-17,Shelvin Mack,68.5,31.5,21.9,PG
2016-17,Solomon Hill,43.5,56.5,29.7,SF
2016-17,Spencer Dinwiddie,66.6,33.4,22.6,PG
2016-17,Spencer Hawes,70.8,29.2,14.8,PF
2016-17,Stanley Johnson,57.8,42.2,17.8,SF
2016-17,Stephen Curry,45.3,54.7,33.4,PG
2016-17,Stephen Zimmerman,100.0,0.0,5.7,C
2016-17,Steve Novak,14.3,85.7,2.7,PF
2016-17,Steven Adams,99.8,0.2,29.9,C
2016-17,T.J. McConnell,89.3,10.7,26.3,PG
2016-17,T.J. Warren,88.0,12.0,31.0,SF
2016-17,Taj Gibson,98.2,1.8,25.5,PF
2016-17,Tarik Black,99.3,0.7,16.3,C
2016-17,Terrence Jones,84.8,15.2,23.5,PF
2016-17,Terrence Ross,47.6,52.4,25.1,SF
2016-17,Terry Rozier,56.4,43.6,17.1,PG
2016-17,Thabo Sefolosha,69.6,30.4,25.7,SF
2016-17,Thaddeus Young,82.8,17.2,30.2,PF
2016-17,Thomas Robinson,99.5,0.5,11.7,PF
2016-17,Thon Maker,59.1,40.9,9.9,C
2016-17,Tiago Splitter,80.6,19.4,9.5,C
2016-17,Tim Frazier,68.3,31.7,23.5,PG
2016-17,Tim Quarterman,55.2,44.8,5.0,SG
2016-17,Timofey Mozgov,99.7,0.3,20.4,C
2016-17,Tobias Harris,70.5,29.5,31.3,PF
2016-17,Tony Allen,90.9,9.1,27.0,SG
2016-17,Tony Parker,87.9,12.1,25.2,PG
2016-17,Tony Snell,34.4,65.6,29.2,SG
2016-17,Treveon Graham,62.5,37.5,7.0,SG
2016-17,Trevor Ariza,30.5,69.5,34.7,SF
2016-17,Trevor Booker,86.8,13.2,24.7,PF
2016-17,Trey Burke,72.5,27.5,12.3,PG
2016-17,Trey Lyles,53.5,46.5,16.3,PF
2016-17,Tristan Thompson,99.3,0.7,30.0,C
2016-17,Troy Daniels,28.3,71.7,17.7,SG
2016-17,Troy Williams,62.9,37.1,18.6,SF
2016-17,Ty Lawson,77.4,22.6,25.1,PG
2016-17,Tyler Ennis,66.3,33.7,11.1,PG
2016-17,Tyler Johnson,69.7,30.3,29.8,PG
2016-17,Tyler Ulis,81.9,18.1,18.4,PG
2016-17,Tyler Zeller,99.4,0.6,10.3,C
2016-17,Tyreke Evans,68.1,31.9,19.7,SF
2016-17,Tyson Chandler,100.0,0.0,27.6,C
2016-17,Tyus Jones,59.7,40.3,12.9,PG
2016-17,Udonis Haslem,87.0,13.0,8.1,C
2016-17,Victor Oladipo,62.2,37.8,33.2,SG
2016-17,Vince Carter,39.6,60.4,24.7,SF
2016-17,Wayne Ellington,29.0,71.0,24.2,SG
2016-17,Wesley Johnson,41.0,59.0,11.9,SF
2016-17,Wesley Matthews,43.4,56.6,34.2,SG
2016-17,Will Barton,64.7,35.3,28.4,SG
2016-17,Willie Cauley-Stein,99.6,0.4,18.9,C
2016-17,Willie Reed,98.6,1.4,14.5,C
2016-17,Wilson Chandler,65.3,34.7,30.9,SF
2016-17,Zach LaVine,56.3,43.7,37.2,SG
2016-17,Zach Randolph,90.2,9.8,24.5,PF
2016-17,Zaza Pachulia,99.3,0.7,18.1,C
2017-18,Aaron Brooks,55.1,44.9,5.9,PG
2017-18,Aaron Gordon,60.5,39.5,32.9,PF
2017-18,Abdel Nader,56.4,43.6,10.9,SF
2017-18,Adreian Payne,70.0,30.0,8.5,PF
2017-18,Al Horford,70.0,30.0,31.6,C
2017-18,Al Jefferson,98.6,1.4,13.4,C
2017-18,Al-Farouq Aminu,41.8,58.2,30.0,PF
2017-18,Alan Williams,100.0,0.0,14.1,PF
2017-18,Alec Burks,65.7,34.3,16.5,SG
2017-18,Alec Peters,21.6,78.4,11.2,PF
2017-18,Alex Caruso,62.9,37.1,15.2,PG
2017-18,Alex Len,99.2,0.8,20.2,C
2017-18,Alex Poythress,57.7,42.3,4.2,PF
2017-18,Alfonzo McKinnie,40.0,60.0,3.8,SF
2017-18,Allen Crabbe,35.7,64.3,29.3,SG
2017-18,Amir Johnson,87.7,12.3,15.8,C
2017-18,Andre Drummond,98.8,1.2,33.7,C
2017-18,Andre Iguodala,63.4,36.6,25.4,SF
2017-18,Andre Roberson,77.8,22.2,26.6,SG
2017-18,Andrew Bogut,100.0,0.0,9.0,C
2017-18,Andrew Harrison,66.9,33.1,23.7,PG
2017-18,Andrew Wiggins,74.0,26.0,36.3,SF
2017-18,Anthony Brown,0.0,100.0,3.7,SF
2017-18,Anthony Davis,88.9,11.1,36.4,PF
2017-18,Anthony Tolliver,22.7,77.3,22.2,PF
2017-18,Antonio Blakeney,63.6,36.4,16.5,SG
2017-18,Antonius Cleveland,81.0,19.0,7.2,SG
2017-18,Aron Baynes,95.3,4.7,18.3,C
2017-18,Arron Afflalo,56.8,43.2,12.9,SG
2017-18,Austin Rivers,55.3,44.7,33.7,SG
2017-18,Avery Bradley,67.5,32.5,31.2,SG
2017-18,Bam Adebayo,97.9,2.1,19.8,C
2017-18,Ben McLemore,57.4,42.6,19.5,SG
2017-18,Ben Moore,0.0,0.0,4.6,PF
2017-18,Ben Simmons,98.9,1.1,33.7,PG
2017-18,Bismack Biyombo,99.7,0.3,18.2,C
2017-18,Blake Griffin,67.7,32.3,34.0,PF
2017-18,Boban Marjanovic,100.0,0.0,8.7,C
2017-18,Bobby Brown,31.0,69.0,5.7,PG
2017-18,Bobby Portis,72.5,27.5,22.5,PF
2017-18,Bogdan Bogdanovic,57.4,42.6,27.9,SG
2017-18,Bojan Bogdanovic,54.7,45.3,30.8,SF
2017-18,Bradley Beal,64.3,35.7,36.3,SG
2017-18,Brandan Wright,100.0,0.0,13.6,PF
2017-18,Brandon Ingram,86.2,13.8,33.5,SF
2017-18,Brandon Paul,57.5,42.5,9.0,SG
2017-18,Briante Weber,74.4,25.6,13.1,PG
2017-18,Brice Johnson,97.6,2.4,5.4,PF
2017-18,Brook Lopez,59.0,41.0,23.4,C
2017-18,Bruno Caboclo,45.2,54.8,8.9,SF
2017-18,Bryn Forbes,54.1,45.9,19.0,SG
2017-18,Buddy Hield,56.3,43.7,25.3,SG
2017-18,C.J. Williams,60.4,39.6,18.6,SG
2017-18,CJ McCollum,68.4,31.6,36.1,SG
2017-18,Caleb Swanigan,86.7,13.3,7.0,PF
2017-18,Cameron Payne,57.7,42.3,23.3,PG
2017-18,Caris LeVert,66.7,33.3,26.2,SF
2017-18,Carmelo Anthony,59.4,40.6,32.1,PF
2017-18,Cedi Osman,53.2,46.8,11.0,SF
2017-18,Chandler Parsons,48.3,51.7,19.2,SF
2017-18,Channing Frye,45.8,54.2,13.1,C
2017-18,Charles Cooke,42.9,57.1,2.9,SG
2017-18,Cheick Diallo,100.0,0.0,11.2,PF
2017-18,Chinanu Onuaku,100.0,0.0,21.6,C
2017-18,Chris Boucher,0.0,100.0,1.3,PF
2017-18,Chris McCullough,81.0,19.0,4.7,PF
2017-18,Chris Paul,52.5,47.5,31.8,PG
2017-18,Clint Capela,99.9,0.1,27.5,C
2017-18,Cody Zeller,98.1,1.9,19.0,C
2017-18,Cole Aldrich,100.0,0.0,2.3,C
2017-18,Corey Brewer,65.2,34.8,16.8,SF
2017-18,Cory Joseph,68.5,31.5,27.0,PG
2017-18,Courtney Lee,63.2,36.8,30.4,SG
2017-18,D'Angelo Russell,58.6,41.4,25.7,PG
2017-18,D.J. Augustin,49.6,50.4,23.5,PG
2017-18,D.J. Wilson,68.8,31.3,3.2,PF
2017-18,Dakari Johnson,100.0,0.0,5.2,C
2017-18,Damian Jones,100.0,0.0,5.9,C
2017-18,Damian Lillard,55.5,44.5,36.6,PG
2017-18,Damien Wilkins,53.8,46.2,8.0,SF
2017-18,Damyean Dotson,57.8,42.2,10.8,SG
2017-18,Daniel Hamilton,54.5,45.5,4.6,SG
2017-18,Daniel Theis,75.1,24.9,14.9,C
2017-18,Danilo Gallinari,56.6,43.4,32.0,SF
2017-18,Danny Green,43.0,57.0,25.6,SG
2017-18,Dante Cunningham,53.8,46.2,21.4,SF
2017-18,Dante Exum,79.3,20.7,16.8,PG
2017-18,Darius Miller,26.5,73.5,23.7,SF
2017-18,Darrell Arthur,51.1,48.9,7.4,PF
2017-18,Darren Collison,67.9,32.1,29.3,PG
2017-18,Darrun Hilliard,68.4,31.6,6.8,SG
2017-18,David Nwaba,87.7,12.3,23.5,SG
2017-18,David West,97.9,2.1,13.7,C
2017-18,Davis Bertans,31.1,68.9,14.1,PF
2017-18,Davon Reed,50.0,50.0,11.5,SG
2017-18,De'Aaron Fox,80.8,19.2,27.7,PG
2017-18,DeAndre Jordan,100.0,0.0,31.5,C
2017-18,DeAndre Liggins,50.0,50.0,12.5,SG
2017-18,DeAndre' Bembry,76.6,23.4,17.5,SF
2017-18,DeMar DeRozan,79.7,20.3,33.9,SG
2017-18,DeMarcus Cousins,66.0,34.0,36.2,C
2017-18,DeMarre Carroll,50.2,49.8,29.9,PF
2017-18,Dejounte Murray,94.4,5.6,21.5,PG
2017-18,Delon Wright,64.6,35.4,20.8,PG
2017-18,Demetrius Jackson,61.1,38.9,5.3,PG
2017-18,Denzel Valentine,48.7,51.3,27.2,SG
2017-18,Derrick Favors,91.0,9.0,28.0,C
2017-18,Derrick Rose,83.9,16.1,16.8,PG
2017-18,Derrick White,60.6,39.4,8.2,PG
2017-18,Devin Booker,63.6,36.4,34.5,SG
2017-18,Devin Harris,50.0,50.0,18.9,PG
2017-18,Devin Robinson,100.0,0.0,13.2,SF
2017-18,Dewayne Dedmon,70.4,29.6,24.9,C
2017-18,Deyonta Davis,100.0,0.0,15.2,C
2017-18,Dillon Brooks,65.8,34.2,28.7,SF
2017-18,Dion Waiters,58.5,41.5,30.6,SG
2017-18,Dirk Nowitzki,55.5,44.5,24.7,C
2017-18,Domantas Sabonis,94.4,5.6,24.5,C
2017-18,Donovan Mitchell,59.6,40.4,33.4,SG
2017-18,Dorian Finney-Smith,44.6,55.4,21.3,PF
2017-18,Doug McDermott,57.5,42.5,21.8,SF
2017-18,Dragan Bender,33.5,66.5,25.2,PF
2017-18,Draymond Green,58.6,41.4,32.7,PF
2017-18,Dwayne Bacon,77.6,22.4,13.5,SG
2017-18,Dwight Buycks,77.3,22.7,14.7,PG
2017-18,Dwight Howard,99.2,0.8,30.4,C
2017-18,Dwight Powell,80.5,19.5,21.2,C
2017-18,Dwyane Wade,83.7,16.3,22.9,SG
2017-18,E'Twaun Moore,63.8,36.2,31.5,SG
2017-18,Ed Davis,99.7,0.3,18.9,C
2017-18,Edmond Sumner,100.0,0.0,2.2,PG
2017-18,Ekpe Udoh,99.2,0.8,12.9,C
2017-18,Elfrid Payton,86.2,13.8,28.7,PG
2017-18,Emmanuel Mudiay,71.9,28.1,19.4,PG
2017-18,Enes Kanter,99.7,0.3,25.8,C
2017-18,Eric Bledsoe,63.6,36.4,31.4,PG
2017-18,Eric Gordon,37.3,62.7,31.2,SG
2017-18,Eric Moreland,100.0,0.0,12.0,PF
2017-18,Erik McCree,50.0,50.0,1.9,SF
2017-18,Ersan Ilyasova,58.7,41.3,25.1,PF
2017-18,Evan Fournier,58.2,41.8,32.2,SF
2017-18,Evan Turner,77.1,22.9,25.7,SF
2017-18,Frank Kaminsky,61.7,38.3,23.2,PF
2017-18,Frank Ntilikina,68.6,31.4,21.9,PG
2017-18,Fred VanVleet,52.1,47.9,20.0,PG
2017-18,Furkan Korkmaz,39.3,60.7,5.7,SG
2017-18,Garrett Temple,52.3,47.7,24.8,SG
2017-18,Gary Harris,56.6,43.4,34.4,SG
2017-18,George Hill,60.0,40.0,27.0,PG
2017-18,Georgios Papagiannis,100.0,0.0,7.2,C
2017-18,Gerald Green,27.8,72.2,22.7,SG
2017-18,Giannis Antetokounmpo,90.0,10.0,36.7,PF
2017-18,Goran Dragic,72.1,27.9,31.7,PG
2017-18,Gordon Hayward,50.0,50.0,5.3,SF
2017-18,Gorgui Dieng,84.3,15.7,16.9,C
2017-18,Greg Monroe,100.0,0.0,20.4,C
2017-18,Guerschon Yabusele,39.3,60.7,7.1,PF
2017-18,Harrison Barnes,72.4,27.6,34.2,PF
2017-18,Hassan Whiteside,99.7,0.3,25.3,C
2017-18,Henry Ellenson,58.9,41.1,8.7,PF
2017-18,Ian Clark,60.6,39.4,19.7,SG
2017-18,Ian Mahinmi,99.2,0.8,14.9,C
2017-18,Ike Anigbogu,100.0,0.0,2.7,C
2017-18,Iman Shumpert,55.2,44.8,19.7,SG
2017-18,Isaiah Canaan,51.8,48.2,21.1,PG
2017-18,Isaiah Hicks,87.5,12.5,13.3,PF
2017-18,Isaiah Taylor,79.5,20.5,17.4,PG
2017-18,Isaiah Thomas,55.3,44.7,26.9,PG
2017-18,Isaiah Whitehead,79.1,20.9,11.2,PG
2017-18,Ish Smith,87.4,12.6,24.9,PG
2017-18,Ivan Rabb,100.0,0.0,14.3,PF
2017-18,Ivica Zubac,99.2,0.8,9.5,C
2017-18,J.J. Barea,54.6,45.4,23.2,PG
2017-18,JaKarr Sampson,87.7,12.3,15.6,SF
2017-18,JaMychal Green,74.0,26.0,28.0,PF
2017-18,JaVale McGee,97.3,2.7,9.5,C
2017-18,Jabari Bird,73.1,26.9,8.8,SG
2017-18,Jabari Parker,75.6,24.4,24.0,PF
2017-18,Jack Cooley,100.0,0.0,12.5,PF
2017-18,Jacob Pullen,50.0,50.0,2.0,PG
2017-18,Jacob Wiley,50.0,50.0,6.7,PF
2017-18,Jae Crowder,49.2,50.8,26.1,SF
2017-18,Jahlil Okafor,97.1,2.9,12.6,C
2017-18,Jake Layman,57.4,42.6,4.6,SF
2017-18,Jalen Jones,61.8,38.2,11.3,SF
2017-18,Jamal Crawford,57.7,42.3,20.7,SG
2017-18,Jamal Murray,58.9,41.1,31.7,PG
2017-18,Jameer Nelson,49.2,50.8,20.3,PG
2017-18,Jamel Artis,63.3,36.7,18.6,SG
2017-18,James Harden,50.2,49.8,35.4,SG
2017-18,James Johnson,69.9,30.1,26.6,PF
2017-18,James Michael McAdoo,0.0,100.0,6.0,PF
2017-18,James Young,28.6,71.4,10.2,SG
2017-18,Jamil Wilson,22.2,77.8,18.3,SF
2017-18,Jared Dudley,34.4,65.6,14.3,PF
2017-18,Jarell Martin,80.2,19.8,22.7,PF
2017-18,Jarrett Allen,96.2,3.8,20.0,C
2017-18,Jarrett Jack,80.6,19.4,25.0,PG
2017-18,Jason Smith,72.2,27.8,8.6,C
2017-18,Jason Terry,25.3,74.7,16.0,SG
2017-18,Jawun Evans,78.7,21.3,16.2,PG
2017-18,Jaylen Brown,61.9,38.1,30.7,SG
2017-18,Jayson Tatum,71.0,29.0,30.5,SF
2017-18,Jeff Green,72.5,27.5,23.4,PF
2017-18,Jeff Teague,71.3,28.7,33.0,PG
2017-18,Jeff Withey,37.5,62.5,3.9,C
2017-18,Jerami Grant,75.9,24.1,20.3,PF
2017-18,Jeremy Lamb,69.5,30.5,24.6,SG
2017-18,Jeremy Lin,83.3,16.7,25.2,PG
2017-18,Jerian Grant,62.8,37.2,22.8,PG
2017-18,Jerryd Bayless,44.3,55.7,23.7,SG
2017-18,Jimmy Butler,78.3,21.7,36.7,SG
2017-18,Joakim Noah,100.0,0.0,5.7,C
2017-18,Jodie Meeks,46.6,53.4,14.5,SG
2017-18,Joe Harris,42.4,57.6,25.3,SG
2017-18,Joe Ingles,35.4,64.6,31.4,SF
2017-18,Joe Johnson,59.7,40.3,21.9,SF
2017-18,Joe Young,64.5,35.5,10.5,PG
2017-18,Joel Bolomboy,83.3,16.7,6.3,PF
2017-18,Joel Embiid,79.7,20.3,30.4,C
2017-18,Joffrey Lauvergne,97.4,2.6,9.7,C
2017-18,John Collins,91.4,8.6,24.1,PF
2017-18,John Henson,98.6,1.4,25.9,C
2017-18,John Holland,39.0,61.0,7.3,SF
2017-18,John Wall,75.0,25.0,34.4,PG
2017-18,Johnathan Motley,92.0,8.0,16.0,PF
2017-18,Jon Leuer,91.7,8.3,17.1,PF
2017-18,Jonas Jerebko,54.0,46.0,15.3,PF
2017-18,Jonas Valanciunas,89.2,10.8,22.4,C
2017-18,Jonathan Isaac,68.3,31.7,19.8,PF
2017-18,Jonathon Simmons,73.2,26.8,29.4,SG
2017-18,Jordan Bell,97.8,2.2,14.2,C
2017-18,Jordan Clarkson,66.7,33.3,23.3,SG
2017-18,Jordan Mickey,80.5,19.5,12.4,PF
2017-18,Josh Hart,47.5,52.5,23.2,SG
2017-18,Josh Huestis,36.8,63.2,14.2,PF
2017-18,Josh Jackson,76.7,23.3,25.4,SF
2017-18,Josh Magette,52.2,47.8,12.0,PG
2017-18,Josh McRoberts,0.0,100.0,2.9,PF
2017-18,Josh Richardson,62.0,38.0,33.2,SF
2017-18,Jrue Holiday,71.4,28.6,36.1,SG
2017-18,Julius Randle,95.0,5.0,26.7,C
2017-18,Julyan Stone,0.0,100.0,7.6,SG
2017-18,Justin Anderson,49.0,51.0,13.7,SF
2017-18,Justin Holiday,42.6,57.4,31.5,SG
2017-18,Justin Jackson,55.8,44.2,22.2,SF
2017-18,Justin Patton,100.0,0.0,3.7,C
2017-18,Justise Winslow,73.6,26.4,24.7,PF
2017-18,Jusuf Nurkic,99.3,0.7,26.4,C
2017-18,Kadeem Allen,50.0,50.0,6.0,PG
2017-18,Karl-Anthony Towns,75.7,24.3,35.6,C
2017-18,Kawhi Leonard,68.5,31.5,23.3,SF
2017-18,Kay Felder,72.9,27.1,8.7,PG
2017-18,Kelly Olynyk,56.0,44.0,23.4,PF
2017-18,Kemba Walker,55.9,44.1,34.2,PG
2017-18,Kenneth Faried,99.3,0.7,14.4,PF
2017-18,Kent Bazemore,59.5,40.5,27.5,SG
2017-18,Kentavious Caldwell-Pope,48.0,52.0,33.2,SG
2017-18,Kevin Durant,66.2,33.8,34.2,SF
2017-18,Kevin Love,54.7,45.3,28.0,C
2017-18,Kevon Looney,97.4,2.6,13.8,C
2017-18,Khem Birch,100.0,0.0,13.8,C
2017-18,Khris Middleton,68.0,32.0,36.4,SF
2017-18,Klay Thompson,55.8,44.2,34.3,SG
2017-18,Kobi Simmons,79.4,20.6,20.1,PG
2017-18,Kosta Koufos,100.0,0.0,19.6,C
2017-18,Kris Dunn,79.9,20.1,29.3,PG
2017-18,Kristaps Porzingis,74.4,25.6,32.4,PF
2017-18,Kyle Anderson,87.0,13.0,26.7,SF
2017-18,Kyle Collinsworth,82.8,17.2,15.0,SF
2017-18,Kyle Korver,22.3,77.7,21.6,SG
2017-18,Kyle Kuzma,58.2,41.8,31.2,PF
2017-18,Kyle Lowry,36.9,63.1,32.2,PG
2017-18,Kyle O'Quinn,95.6,4.4,18.0,C
2017-18,Kyle Singler,76.2,23.8,4.9,SF
2017-18,Kyrie Irving,62.6,37.4,32.2,PG
2017-18,LaMarcus Aldridge,93.2,6.8,33.4,C
2017-18,Lance Stephenson,67.3,32.7,22.6,SG
2017-18,Lance Thomas,53.6,46.4,18.5,PF
2017-18,Langston Galloway,35.9,64.1,14.9,SG
2017-18,Lauri Markkanen,53.5,46.5,29.7,PF
2017-18,LeBron James,74.3,25.7,36.9,PF
2017-18,London Perrantes,76.9,23.1,4.7,PG
2017-18,Lonzo Ball,47.7,52.3,34.2,PG
2017-18,Lorenzo Brown,64.7,35.3,9.9,PG
2017-18,Lou Williams,61.3,38.7,32.8,SG
2017-18,Luc Mbah a Moute,49.9,50.1,25.6,PF
2017-18,Lucas Nogueira,76.3,23.8,8.5,C
2017-18,Luis Montero,100.0,0.0,4.0,SG
2017-18,Luke Babbitt,27.4,72.6,14.3,SF
2017-18,Luke Kennard,58.1,41.9,20.0,SG
2017-18,Luke Kornet,36.8,63.2,16.3,PF
2017-18,Luol Deng,100.0,0.0,13.1,SF
2017-18,Malachi Richardson,55.6,44.4,12.4,SG
2017-18,Malcolm Brogdon,68.0,32.0,29.9,PG
2017-18,Malcolm Delaney,56.5,43.5,18.8,PG
2017-18,Malcolm Miller,25.0,75.0,8.4,SF
2017-18,Malik Beasley,53.9,46.1,9.4,SG
2017-18,Malik Monk,42.8,57.2,13.5,SG
2017-18,Mangok Mathiang,100.0,0.0,5.0,C
2017-18,Marc Gasol,69.0,31.0,33.0,C
2017-18,Marcin Gortat,100.0,0.0,25.3,C
2017-18,Marco Belinelli,48.3,51.7,24.3,SG
2017-18,Marcus Georges-Hunt,68.8,31.3,5.3,SG
2017-18,Marcus Morris,61.7,38.3,26.7,PF
2017-18,Marcus Paige,42.9,57.1,5.6,PG
2017-18,Marcus Smart,51.7,48.3,29.9,SG
2017-18,Mario Chalmers,56.9,43.1,21.5,PG
2017-18,Mario Hezonja,56.7,43.3,22.1,SF
2017-18,Markelle Fultz,99.1,0.9,18.1,SG
2017-18,Markieff Morris,69.9,30.1,27.0,PF
2017-18,Marquese Chriss,60.2,39.8,21.2,PF
2017-18,Marreese Speights,33.2,66.8,13.0,C
2017-18,Marvin Williams,45.8,54.2,25.7,PF
2017-18,Mason Plumlee,99.7,0.3,19.5,C
2017-18,Matt Costello,100.0,0.0,8.1,C
2017-18,Matthew Dellavedova,48.7,51.3,18.7,PG
2017-18,Maurice Harkless,60.3,39.7,21.4,SF
2017-18,Maxi Kleber,58.6,41.4,16.8,PF
2017-18,Meyers Leonard,66.7,33.3,7.7,C
2017-18,Michael Beasley,89.3,10.7,22.3,PF
2017-18,Michael Carter-Williams,74.2,25.8,16.1,PG
2017-18,Michael Kidd-Gilchrist,99.6,0.4,25.0,SF
2017-18,Mike Conley,54.2,45.8,31.1,PG
2017-18,Mike James,69.5,30.5,19.1,PG
2017-18,Mike Muscala,46.5,53.5,20.0,C
2017-18,Mike Scott,68.9,31.1,18.5,PF
2017-18,Miles Plumlee,100.0,0.0,16.7,C
2017-18,Milton Doyle,51.1,48.9,12.5,SG
2017-18,Mindaugas Kuzminskas,100.0,0.0,1.9,SF
2017-18,Mirza Teletovic,21.1,78.9,15.9,PF
2017-18,Monte Morris,83.3,16.7,8.4,PG
2017-18,Montrezl Harrell,98.7,1.3,17.0,C
2017-18,Myke Henry,46.8,53.2,18.9,SF
2017-18,Myles Turner,75.4,24.6,28.2,C
2017-18,Nate Wolters,100.0,0.0,3.8,PG
2017-18,Naz Mitrou-Long,0.0,100.0,0.5,SG
2017-18,Nemanja Bjelica,50.7,49.3,20.5,PF
2017-18,Nerlens Noel,99.0,1.0,15.7,C
2017-18,Nick Collison,100.0,0.0,5.0,PF
2017-18,Nick Young,33.2,66.8,17.4,SG
2017-18,Nicolas Batum,57.8,42.2,31.0,SG
2017-18,Nik Stauskas,35.1,64.9,12.8,SG
2017-18,Nikola Jokic,72.3,27.7,32.6,C
2017-18,Nikola Mirotic,47.7,52.3,27.2,PF
2017-18,Nikola Vucevic,75.7,24.3,29.5,C
2017-18,Noah Vonleh,71.8,28.2,16.2,PF
2017-18,Norman Powell,50.3,49.7,15.2,SG
2017-18,OG Anunoby,43.1,56.9,20.0,SF
2017-18,Okaro White,31.3,68.8,13.3,PF
2017-18,Omri Casspi,89.4,10.6,14.0,SF
2017-18,PJ Dozier,100.0,0.0,1.6,PG
2017-18,Pascal Siakam,73.5,26.5,20.7,PF
2017-18,Pat Connaughton,46.2,53.8,18.1,SG
2017-18,Patrick Beverley,49.6,50.4,30.3,SG
2017-18,Patrick McCaw,64.4,35.6,16.9,SG
2017-18,Patrick Patterson,35.7,64.3,15.5,PF
2017-18,Patty Mills,39.3,60.7,25.7,PG
2017-18,Pau Gasol,80.9,19.1,23.5,C
2017-18,Paul George,54.6,45.4,36.6,SF
2017-18,Paul Millsap,74.0,26.0,30.1,PF
2017-18,Paul Zipser,53.0,47.0,15.3,SF
2017-18,Quincy Acy,20.0,80.0,19.4,PF
2017-18,Quincy Pondexter,55.1,44.9,8.5,SF
2017-18,Quinn Cook,58.7,41.3,22.4,PG
2017-18,Rajon Rondo,69.6,30.4,26.2,PG
2017-18,Ramon Sessions,77.8,22.2,14.0,PG
2017-18,Rashad Vaughn,33.9,66.1,7.6,SG
2017-18,Raul Neto,68.9,31.1,12.2,PG
2017-18,Raymond Felton,58.3,41.7,16.6,PG
2017-18,Reggie Bullock,48.5,51.5,27.9,SF
2017-18,Reggie Hearn,0.0,100.0,2.2,SG
2017-18,Reggie Jackson,70.7,29.3,26.7,PG
2017-18,Richard Jefferson,74.1,25.9,8.2,SF
2017-18,Richaun Holmes,87.1,12.9,15.5,C
2017-18,Ricky Rubio,67.0,33.0,29.3,PG
2017-18,Robert Covington,34.2,65.8,31.6,SF
2017-18,Robin Lopez,97.8,2.2,26.4,C
2017-18,Rodney Hood,55.7,44.3,26.9,SG
2017-18,Rodney McGruder,52.1,47.9,16.6,SG
2017-18,Ron Baker,44.1,55.9,13.3,SG
2017-18,Rondae Hollis-Jefferson,92.5,7.5,28.2,SF
2017-18,Royce O'Neale,58.5,41.5,16.7,SF
2017-18,Rudy Gay,78.0,22.0,21.6,PF
2017-18,Rudy Gobert,100.0,0.0,32.4,C
2017-18,Russell Westbrook,80.7,19.3,36.4,PG
2017-18,Ryan Anderson,29.4,70.6,26.1,PF
2017-18,Ryan Arcidiacono,24.4,75.6,12.7,PG
2017-18,Salah Mejri,97.8,2.2,11.9,C
2017-18,Sam Dekker,76.8,23.2,12.1,PF
2017-18,Sean Kilpatrick,51.0,49.0,12.3,SG
2017-18,Semi Ojeleye,33.5,66.5,15.8,PF
2017-18,Serge Ibaka,62.1,37.9,27.5,PF
2017-18,Shabazz Muhammad,85.6,14.4,9.7,SF
2017-18,Shabazz Napier,58.9,41.1,20.7,PG
2017-18,Shane Larkin,60.7,39.3,14.3,PG
2017-18,Shaun Livingston,98.5,1.5,15.9,PG
2017-18,Shelvin Mack,66.4,33.6,19.8,PG
2017-18,Sindarius Thornwell,73.8,26.2,15.8,SG
2017-18,Solomon Hill,48.8,51.2,15.6,SF
2017-18,Spencer Dinwiddie,48.3,51.7,28.8,PG
2017-18,Stanley Johnson,58.2,41.8,27.4,SF
2017-18,Stephen Curry,42.0,58.0,32.0,PG
2017-18,Sterling Brown,55.6,44.4,14.4,SG
2017-18,Steven Adams,99.7,0.3,32.7,C
2017-18,T.J. McConnell,85.3,14.7,22.5,PG
2017-18,T.J. Warren,91.5,8.5,33.0,SF
2017-18,Taj Gibson,95.3,4.7,33.2,PF
2017-18,Tarik Black,91.3,8.7,10.5,C
2017-18,Terrance Ferguson,29.0,71.0,12.5,SG
2017-18,Terrence Ross,51.3,48.7,25.0,SG
2017-18,Terry Rozier,49.8,50.2,25.9,PG
2017-18,Thabo Sefolosha,65.0,35.0,21.2,SF
2017-18,Thaddeus Young,79.1,20.9,32.2,PF
2017-18,Thomas Bryant,52.4,47.6,4.8,C
2017-18,Thon Maker,67.1,32.9,16.7,C
2017-18,Tim Frazier,67.4,32.6,14.2,PG
2017-18,Timofey Mozgov,80.6,19.4,11.6,C
2017-18,Tobias Harris,63.6,36.4,33.3,PF
2017-18,Tony Allen,86.8,13.2,12.4,SF
2017-18,Tony Bradley,90.9,9.1,3.2,C
2017-18,Tony Parker,90.5,9.5,19.5,PG
2017-18,Tony Snell,36.9,63.1,27.4,SG
2017-18,Torrey Craig,57.7,42.3,16.1,SF
2017-18,Treveon Graham,56.1,43.9,16.7,SG
2017-18,Trevor Ariza,29.0,71.0,33.9,SF
2017-18,Trevor Booker,90.4,9.6,17.0,PF
2017-18,Trey Burke,72.7,27.3,21.8,PG
2017-18,Trey Lyles,60.4,39.6,19.1,PF
2017-18,Tristan Thompson,100.0,0.0,20.2,C
2017-18,Troy Daniels,20.3,79.7,20.5,SG
2017-18,Troy Williams,65.1,34.9,14.6,SF
2017-18,Tyler Cavanaugh,41.4,58.6,13.3,PF
2017-18,Tyler Dorsey,47.9,52.1,17.4,SG
2017-18,Tyler Ennis,75.0,25.0,12.7,PG
2017-18,Tyler Johnson,54.4,45.6,28.5,PG
2017-18,Tyler Lydon,0.0,0.0,2.2,PF
2017-18,Tyler Ulis,73.5,26.5,23.4,PG
2017-18,Tyler Zeller,91.6,8.4,16.8,C
2017-18,Tyreke Evans,64.6,35.4,30.9,PG
2017-18,Tyrone Wallace,83.8,16.2,28.4,PG
2017-18,Tyson Chandler,100.0,0.0,25.0,C
2017-18,Tyus Jones,60.7,39.3,17.9,PG
2017-18,Udonis Haslem,46.7,53.3,5.1,C
2017-18,Vander Blue,60.0,40.0,9.0,SG
2017-18,Victor Oladipo,67.7,32.3,34.0,SG
2017-18,Vince Carter,41.7,58.3,17.7,SF
2017-18,Wayne Ellington,17.3,82.7,26.5,SG
2017-18,Wayne Selden,54.6,45.4,19.8,SG
2017-18,Wesley Johnson,51.9,48.1,20.1,SF
2017-18,Wesley Matthews,42.3,57.7,33.8,SF
2017-18,Will Barton,58.9,41.1,33.1,SG
2017-18,Willie Cauley-Stein,98.4,1.6,28.0,C
2017-18,Willie Reed,98.3,1.7,10.2,C
2017-18,Wilson Chandler,61.0,39.0,31.7,SF
2017-18,Xavier Munford,66.7,33.3,3.5,SG
2017-18,Yogi Ferrell,50.8,49.2,27.8,SG
2017-18,Zach Collins,60.9,39.1,15.8,C
2017-18,Zach LaVine,65.4,34.6,27.3,SG
2017-18,Zach Randolph,80.7,19.3,25.6,PF
2017-18,Zaza Pachulia,99.6,0.4,14.1,C
2017-18,Zhou Qi,40.6,59.4,6.9,C
2018-19,Aaron Gordon,66.8,33.2,33.8,PF
2018-19,Aaron Holiday,51.5,48.5,12.9,PG
2018-19,Abdel Nader,53.5,46.5,11.4,SF
2018-19,Al Horford,71.9,28.1,29.0,C
2018-19,Al-Farouq Aminu,52.8,47.2,28.3,PF
2018-19,Alec Burks,64.6,35.4,21.5,SG
2018-19,Alex Caruso,71.1,28.9,21.2,PG
2018-19,Alex Len,68.5,31.5,20.1,C
2018-19,Alex Poythress,71.6,28.4,14.5,PF
2018-19,Alfonzo McKinnie,57.1,42.9,13.9,SF
2018-19,Alize Johnson,87.5,12.5,4.6,PF
2018-19,Allen Crabbe,30.6,69.4,26.4,SG
2018-19,Allonzo Trier,74.5,25.5,22.8,SG
2018-19,Amile Jefferson,100.0,0.0,5.7,PF
2018-19,Amir Johnson,74.5,25.5,10.4,C
2018-19,Andre Drummond,96.4,3.6,33.5,C
2018-19,Andre Iguodala,52.3,47.7,23.2,SF
2018-19,Andrew Harrison,52.8,47.2,10.9,PG
2018-19,Andrew Wiggins,71.2,28.8,34.8,SF
2018-19,Anfernee Simons,54.0,46.0,7.0,SG
2018-19,Anthony Davis,85.9,14.1,33.0,C
2018-19,Anthony Tolliver,17.0,83.0,16.6,PF
2018-19,Antonio Blakeney,77.0,23.0,14.5,SG
2018-19,Aron Baynes,72.6,27.4,16.1,C
2018-19,Austin Rivers,42.8,57.2,26.7,SG
2018-19,Avery Bradley,59.7,40.3,30.2,SG
2018-19,Bam Adebayo,96.9,3.1,23.3,C
2018-19,Ben McLemore,35.9,64.1,8.3,SG
2018-19,Ben Simmons,99.4,0.6,34.2,PG
2018-19,Bismack Biyombo,100.0,0.0,14.5,C
2018-19,Blake Griffin,61.1,38.9,35.0,PF
2018-19,Boban Marjanovic,96.2,3.8,11.7,C
2018-19,Bobby Portis,69.6,30.4,26.0,PF
2018-19,Bogdan Bogdanovic,56.9,43.1,27.8,SG
2018-19,Bojan Bogdanovic,63.3,36.7,31.8,SF
2018-19,Brad Wanamaker,62.9,37.1,9.5,PG
2018-19,Bradley Beal,63.0,37.0,36.9,SG
2018-19,Brandon Goodwin,73.9,26.1,3.6,PG
2018-19,Brandon Ingram,87.1,12.9,33.9,SF
2018-19,Brandon Knight,50.4,49.6,18.9,PG
2018-19,Brandon Sampson,51.7,48.3,15.3,SG
2018-19,Brook Lopez,34.9,65.1,28.7,C
2018-19,Bruce Brown,70.4,29.6,19.6,SG
2018-19,Bryn Forbes,47.8,52.2,28.0,SG
2018-19,Buddy Hield,52.1,47.9,31.9,SG
2018-19,C.J. Williams,54.3,45.7,8.5,SG
2018-19,CJ McCollum,64.2,35.8,33.9,SG
2018-19,Caleb Swanigan,86.8,13.2,8.5,PF
2018-19,Cameron Payne,62.3,37.7,17.8,PG
2018-19,Caris LeVert,68.1,31.9,26.6,SF
2018-19,Carmelo Anthony,47.1,52.9,29.4,PF
2018-19,Cedi Osman,55.7,44.3,32.2,SF
2018-19,Chandler Hutchison,76.1,23.9,20.3,SF
2018-19,Chandler Parsons,48.4,51.6,19.8,SF
2018-19,Channing Frye,32.5,67.5,9.5,C
2018-19,Chasson Randle,47.0,53.0,15.2,PG
2018-19,Cheick Diallo,98.5,1.5,14.0,PF
2018-19,Chimezie Metu,96.6,3.4,5.0,PF
2018-19,Chris Boucher,51.3,48.7,5.8,PF
2018-19,Chris Paul,50.7,49.3,32.0,PG
2018-19,Christian Wood,77.8,22.2,11.9,PF
2018-19,Clint Capela,100.0,0.0,33.6,C
2018-19,Cody Zeller,93.6,6.4,25.4,C
2018-19,Collin Sexton,75.5,24.5,31.8,PG
2018-19,Cory Joseph,68.8,31.2,25.2,PG
2018-19,Courtney Lee,57.4,42.6,12.6,SG
2018-19,D'Angelo Russell,58.1,41.9,30.2,PG
2018-19,D.J. Augustin,54.1,45.9,28.0,PG
2018-19,D.J. Wilson,49.4,50.6,18.4,PF
2018-19,Damian Jones,100.0,0.0,17.1,C
2018-19,Damian Lillard,58.1,41.9,35.5,PG
2018-19,Damion Lee,46.5,53.5,11.7,SG
2018-19,Damyean Dotson,51.0,49.0,27.4,SG
2018-19,Daniel Hamilton,61.7,38.3,10.7,SG
2018-19,Daniel Theis,74.8,25.2,13.8,C
2018-19,Danilo Gallinari,57.9,42.1,30.3,SF
2018-19,Danny Green,31.0,69.0,27.7,SG
2018-19,Dante Cunningham,58.9,41.1,14.5,PF
2018-19,Dante Exum,74.3,25.7,15.8,PG
2018-19,Darius Miller,24.8,75.2,25.5,SF
2018-19,Darren Collison,70.6,29.4,28.2,PG
2018-19,Daryl Macon,59.3,40.7,11.2,SG
2018-19,David Nwaba,71.4,28.6,19.3,SG
2018-19,Davis Bertans,25.4,74.6,21.5,PF
2018-19,Davon Reed,66.7,33.3,4.7,SG
2018-19,De'Aaron Fox,78.9,21.1,31.4,PG
2018-19,De'Anthony Melton,62.9,37.1,19.7,PG
2018-19,DeAndre Jordan,100.0,0.0,29.7,C
2018-19,DeAndre' Bembry,71.9,28.1,23.6,SG
2018-19,DeMar DeRozan,96.6,3.4,34.9,SG
2018-19,DeMarcus Cousins,74.4,25.6,25.7,C
2018-19,DeMarre Carroll,46.1,53.9,25.4,PF
2018-19,Deandre Ayton,99.5,0.5,30.7,C
2018-19,Delon Wright,69.9,30.1,22.6,PG
2018-19,Demetrius Jackson,60.0,40.0,6.6,PG
2018-19,Deonte Burton,67.1,32.9,7.5,SG
2018-19,Derrick Favors,87.4,12.6,23.2,C
2018-19,Derrick Rose,80.6,19.4,27.3,PG
2018-19,Derrick White,73.8,26.2,25.8,PG
2018-19,Devin Booker,67.0,33.0,35.0,SG
2018-19,Devin Harris,42.4,57.6,15.7,PG
2018-19,Devin Robinson,93.8,6.3,13.5,SF
2018-19,Devonte' Graham,44.0,56.0,14.7,PG
2018-19,Dewayne Dedmon,58.7,41.3,25.1,C
2018-19,Dillon Brooks,67.2,32.8,18.3,SF
2018-19,Dion Waiters,39.5,60.5,25.9,SG
2018-19,Dirk Nowitzki,45.5,54.5,15.6,PF
2018-19,Domantas Sabonis,97.6,2.4,24.8,C
2018-19,Donovan Mitchell,66.1,33.9,33.7,SG
2018-19,Donte DiVincenzo,33.1,66.9,15.2,SG
2018-19,Donte Grantham,0.0,100.0,0.8,SF
2018-19,Dorian Finney-Smith,51.9,48.1,24.5,SF
2018-19,Doug McDermott,51.2,48.8,17.4,SF
2018-19,Dragan Bender,48.7,51.3,18.0,PF
2018-19,Draymond Green,60.9,39.1,31.3,PF
2018-19,Drew Eubanks,100.0,0.0,4.9,PF
2018-19,Duncan Robinson,23.9,76.1,10.7,PF
2018-19,Dwayne Bacon,66.1,33.9,17.6,SG
2018-19,Dwight Howard,100.0,0.0,25.5,C
2018-19,Dwight Powell,73.9,26.1,21.6,C
2018-19,Dwyane Wade,72.8,27.2,26.2,SG
2018-19,E'Twaun Moore,66.9,33.1,27.6,SG
2018-19,Ed Davis,99.3,0.7,17.9,C
2018-19,Edmond Sumner,57.8,42.2,9.1,PG
2018-19,Ekpe Udoh,100.0,0.0,6.3,C
2018-19,Elfrid Payton,74.5,25.5,29.8,PG
2018-19,Emmanuel Mudiay,71.6,28.4,27.2,PG
2018-19,Enes Kanter,95.0,5.0,24.5,C
2018-19,Eric Bledsoe,61.2,38.8,29.1,PG
2018-19,Eric Gordon,36.0,64.0,31.7,SG
2018-19,Eric Moreland,85.7,14.3,8.6,PF
2018-19,Ersan Ilyasova,58.0,42.0,18.4,PF
2018-19,Evan Fournier,57.9,42.1,31.5,SG
2018-19,Evan Turner,88.3,11.7,22.0,PG
2018-19,Frank Jackson,62.2,37.8,19.2,PG
2018-19,Frank Kaminsky,53.4,46.6,16.1,C
2018-19,Frank Ntilikina,59.2,40.8,21.0,PG
2018-19,Fred VanVleet,50.7,49.3,27.5,PG
2018-19,Furkan Korkmaz,41.2,58.8,14.2,SG
2018-19,Garrett Temple,46.5,53.5,27.2,SG
2018-19,Gary Clark,8.6,91.4,12.6,PF
2018-19,Gary Harris,62.0,38.0,28.8,SG
2018-19,George Hill,59.3,40.7,21.7,PG
2018-19,George King,0.0,0.0,5.9,SF
2018-19,Georges Niang,42.0,58.0,8.8,PF
2018-19,Gerald Green,23.7,76.3,20.2,SG
2018-19,Giannis Antetokounmpo,83.7,16.3,32.8,PF
2018-19,Goran Dragic,62.1,37.9,27.5,PG
2018-19,Gordon Hayward,63.6,36.4,25.9,PF
2018-19,Gorgui Dieng,85.1,14.9,13.6,C
2018-19,Grayson Allen,44.4,55.6,11.0,SG
2018-19,Greg Monroe,97.4,2.6,11.2,C
2018-19,Guerschon Yabusele,63.6,36.4,6.1,PF
2018-19,Hamidou Diallo,85.5,14.5,10.3,SG
2018-19,Harrison Barnes,57.1,42.9,32.9,PF
2018-19,Hassan Whiteside,97.6,2.4,23.3,C
2018-19,Henry Ellenson,60.0,40.0,13.6,PF
2018-19,Ian Clark,47.3,52.7,16.2,SG
2018-19,Ian Mahinmi,84.6,15.4,14.6,C
2018-19,Ike Anigbogu,100.0,0.0,2.1,C
2018-19,Iman Shumpert,38.8,61.2,23.9,SG
2018-19,Isaac Bonga,75.8,24.2,5.5,PG
2018-19,Isaiah Briscoe,75.4,24.6,14.3,PG
2018-19,Isaiah Hartenstein,85.4,14.6,7.9,PF
2018-19,Isaiah Hicks,100.0,0.0,10.8,PF
2018-19,Isaiah Thomas,56.6,43.4,15.1,SG
2018-19,Ish Smith,72.4,27.6,22.3,PG
2018-19,Ivan Rabb,92.9,7.1,14.7,PF
2018-19,Ivica Zubac,100.0,0.0,17.6,C
2018-19,J.J. Barea,66.8,33.2,19.8,PG
2018-19,J.P. Macura,55.6,44.4,8.4,SG
2018-19,JaMychal Green,63.0,37.0,21.1,PF
2018-19,JaVale McGee,98.1,1.9,22.3,C
2018-19,Jabari Parker,74.0,26.0,26.9,PF
2018-19,Jacob Evans,71.7,28.3,6.8,SG
2018-19,Jae Crowder,34.5,65.5,27.1,SF
2018-19,Jahlil Okafor,98.6,1.4,15.8,C
2018-19,Jake Layman,57.3,42.7,18.7,SF
2018-19,Jalen Brunson,68.0,32.0,21.8,PG
2018-19,Jalen Jones,54.8,45.2,13.4,SF
2018-19,Jamal Crawford,53.9,46.1,18.9,SG
2018-19,Jamal Murray,64.7,35.3,32.6,PG
2018-19,James Harden,46.1,53.9,36.8,PG
2018-19,James Johnson,60.7,39.3,21.2,PF
2018-19,James Nunnally,26.5,73.5,6.8,SF
2018-19,Jared Dudley,36.8,63.2,20.7,PF
2018-19,Jared Terrell,56.4,43.6,7.9,SG
2018-19,Jarell Martin,45.2,54.8,7.8,PF
2018-19,Jaron Blossomgame,63.2,36.8,16.3,SF
2018-19,Jarred Vanderbilt,94.7,5.3,4.1,PF
2018-19,Jarrett Allen,92.1,7.9,26.2,C
2018-19,Jason Smith,55.9,44.1,9.5,PF
2018-19,Jawun Evans,78.6,21.4,8.0,PG
2018-19,Jaylen Adams,32.7,67.3,12.6,PG
2018-19,Jaylen Brown,65.2,34.8,25.9,SG
2018-19,Jaylen Morris,70.0,30.0,7.1,SG
2018-19,Jayson Tatum,70.0,30.0,31.1,SF
2018-19,Jeff Green,53.4,46.6,27.2,PF
2018-19,Jeff Teague,74.8,25.2,30.1,PG
2018-19,Jerami Grant,64.4,35.6,32.7,PF
2018-19,Jeremy Lamb,66.3,33.7,28.5,SG
2018-19,Jeremy Lin,65.4,34.6,19.4,PG
2018-19,Jerian Grant,50.0,50.0,15.6,PG
2018-19,Jerome Robinson,48.2,51.8,9.7,SG
2018-19,Jerryd Bayless,57.4,42.6,19.3,PG
2018-19,Jevon Carter,44.9,55.1,14.8,PG
2018-19,Jimmy Butler,78.7,21.3,33.6,SF
2018-19,Joakim Noah,99.5,0.5,16.5,C
2018-19,Joe Chealey,100.0,0.0,7.8,PG
2018-19,Joe Harris,48.4,51.6,30.2,SG
2018-19,Joe Ingles,39.8,60.2,31.3,PF
2018-19,Joel Embiid,78.1,21.9,33.7,C
2018-19,John Collins,81.0,19.0,30.0,PF
2018-19,John Henson,53.7,46.3,13.5,C
2018-19,John Wall,69.4,30.6,34.5,PG
2018-19,Johnathan Motley,95.9,4.1,7.1,PF
2018-19,Johnathan Williams,98.2,1.8,15.5,C
2018-19,Jon Leuer,90.3,9.7,9.8,PF
2018-19,Jonah Bolden,40.7,59.3,14.5,PF
2018-19,Jonas Jerebko,47.0,53.0,16.7,PF
2018-19,Jonas Valanciunas,91.1,8.9,22.3,C
2018-19,Jonathan Isaac,56.5,43.5,26.6,PF
2018-19,Jonathon Simmons,70.3,29.7,19.0,SG
2018-19,Jordan Bell,99.0,1.0,11.6,C
2018-19,Jordan Clarkson,62.3,37.7,27.3,SG
2018-19,Jordan Loyd,55.6,44.4,4.6,PG
2018-19,Jordan McRae,73.1,26.9,12.3,SG
2018-19,Josh Hart,40.9,59.1,25.6,SG
2018-19,Josh Jackson,73.2,26.8,25.2,SG
2018-19,Josh Okogie,57.7,42.3,23.7,SG
2018-19,Josh Richardson,55.2,44.8,34.8,SG
2018-19,Jrue Holiday,68.7,31.3,35.8,SG
2018-19,Julius Randle,82.1,17.9,30.6,PF
2018-19,Justin Anderson,51.0,49.0,9.7,SF
2018-19,Justin Holiday,40.2,59.8,31.8,SG
2018-19,Justin Jackson,49.5,50.5,19.9,SF
2018-19,Justin Patton,71.4,28.6,6.9,C
2018-19,Justise Winslow,65.8,34.2,29.7,SF
2018-19,Jusuf Nurkic,96.5,3.5,27.4,C
2018-19,Karl-Anthony Towns,73.0,27.0,33.0,C
2018-19,Kawhi Leonard,73.3,26.7,34.0,SF
2018-19,Keita Bates-Diop,63.4,36.6,16.8,SF
2018-19,Kelly Olynyk,43.4,56.6,22.9,PF
2018-19,Kemba Walker,56.6,43.4,34.9,PG
2018-19,Kenneth Faried,90.6,9.4,19.7,C
2018-19,Kenrich Williams,44.1,55.9,23.5,SF
2018-19,Kent Bazemore,56.6,43.4,24.5,SG
2018-19,Kentavious Caldwell-Pope,42.5,57.5,24.8,SG
2018-19,Kevin Durant,71.9,28.1,34.6,SF
2018-19,Kevin Huerter,46.3,53.7,27.3,SG
2018-19,Kevin Knox,60.2,39.8,28.8,PF
2018-19,Kevin Love,48.1,51.9,27.2,PF
2018-19,Kevon Looney,97.1,2.9,18.5,C
2018-19,Khem Birch,99.3,0.7,12.9,C
2018-19,Khris Middleton,58.7,41.3,31.1,SF
2018-19,Khyri Thomas,49.3,50.7,7.5,SG
2018-19,Klay Thompson,57.3,42.7,34.0,SG
2018-19,Kosta Koufos,100.0,0.0,11.9,C
2018-19,Kostas Antetokounmpo,100.0,0.0,5.3,PF
2018-19,Kris Dunn,81.0,19.0,30.2,PG
2018-19,Kyle Anderson,87.7,12.3,29.8,SF
2018-19,Kyle Korver,28.0,72.0,19.1,SG
2018-19,Kyle Kuzma,61.2,38.8,33.1,PF
2018-19,Kyle Lowry,38.7,61.3,34.1,PG
2018-19,Kyle O'Quinn,91.2,8.8,8.2,C
2018-19,Kyrie Irving,65.0,35.0,33.0,PG
2018-19,LaMarcus Aldridge,96.8,3.2,33.2,C
2018-19,Lance Stephenson,54.4,45.6,16.5,SG
2018-19,Lance Thomas,59.9,40.1,17.0,PF
2018-19,Landry Shamet,28.9,71.1,22.8,SG
2018-19,Langston Galloway,35.3,64.7,21.8,SG
2018-19,Lauri Markkanen,58.2,41.8,32.3,PF
2018-19,LeBron James,70.1,29.9,35.2,SF
2018-19,Lonzo Ball,50.0,50.0,30.3,PG
2018-19,Lorenzo Brown,60.6,39.4,8.2,PG
2018-19,Lou Williams,74.4,25.6,26.6,SG
2018-19,Luc Mbah a Moute,66.7,33.3,15.3,PF
2018-19,Luka Doncic,56.7,43.3,32.2,SG
2018-19,Luke Kennard,48.3,51.7,22.8,SG
2018-19,Luke Kornet,31.8,68.2,17.0,PF
2018-19,Luol Deng,62.7,37.3,17.8,SF
2018-19,Malachi Richardson,13.8,86.2,4.7,SG
2018-19,Malcolm Brogdon,67.4,32.6,28.6,SG
2018-19,Malik Beasley,45.0,55.0,23.2,SG
2018-19,Malik Monk,43.7,56.3,17.2,SG
2018-19,MarShon Brooks,68.0,32.0,13.3,SG
2018-19,Marc Gasol,68.6,31.4,30.8,C
2018-19,Marcin Gortat,100.0,0.0,16.0,C
2018-19,Marco Belinelli,42.8,57.2,23.0,SG
2018-19,Marcus Derrickson,39.4,60.6,6.1,PF
2018-19,Marcus Morris,53.9,46.1,27.9,PF
2018-19,Marcus Smart,39.0,61.0,27.5,SG
2018-19,Mario Hezonja,67.2,32.8,20.8,SF
2018-19,Markelle Fultz,91.0,9.0,22.5,SG
2018-19,Markieff Morris,58.1,41.9,21.9,PF
2018-19,Marquese Chriss,60.0,40.0,11.6,PF
2018-19,Marvin Williams,41.4,58.6,28.4,PF
2018-19,Mason Plumlee,97.7,2.3,21.1,C
2018-19,Matthew Dellavedova,46.3,53.7,16.9,PG
2018-19,Maurice Harkless,69.1,30.9,23.6,SF
2018-19,Maxi Kleber,43.5,56.5,21.2,PF
2018-19,Meyers Leonard,54.1,45.9,14.4,C
2018-19,Michael Beasley,88.9,11.1,10.7,PF
2018-19,Michael Carter-Williams,69.1,30.9,13.3,PG
2018-19,Michael Kidd-Gilchrist,85.8,14.2,18.4,PF
2018-19,Mikal Bridges,44.4,55.6,29.5,SF
2018-19,Mike Conley,62.0,38.0,33.5,PG
2018-19,Mike Muscala,29.1,70.9,20.4,PF
2018-19,Mike Scott,40.0,60.0,17.7,PF
2018-19,Miles Bridges,60.9,39.1,21.2,SF
2018-19,Miles Plumlee,100.0,0.0,9.6,C
2018-19,Mitchell Robinson,100.0,0.0,20.6,C
2018-19,Monte Morris,67.7,32.3,24.0,PG
2018-19,Montrezl Harrell,98.1,1.9,26.3,C
2018-19,Moritz Wagner,55.0,45.0,10.4,C
2018-19,Myles Turner,74.9,25.1,28.6,C
2018-19,Naz Mitrou-Long,45.0,55.0,6.0,SG
2018-19,Nemanja Bjelica,56.7,43.3,23.2,PF
2018-19,Nerlens Noel,100.0,0.0,13.7,C
2018-19,Nicolas Batum,47.0,53.0,31.4,SF
2018-19,Nik Stauskas,44.4,55.6,14.9,SG
2018-19,Nikola Jokic,77.6,22.4,31.3,C
2018-19,Nikola Mirotic,41.3,58.7,27.1,PF
2018-19,Nikola Vucevic,82.9,17.1,31.4,C
2018-19,Noah Vonleh,68.9,31.1,25.3,PF
2018-19,Norman Powell,57.5,42.5,18.8,SG
2018-19,OG Anunoby,50.0,50.0,20.2,SF
2018-19,Omari Spellman,47.5,52.5,17.5,PF
2018-19,Omri Casspi,73.3,26.7,14.5,SF
2018-19,PJ Dozier,61.9,38.1,8.5,SG
2018-19,Pascal Siakam,77.4,22.6,31.8,PF
2018-19,Pat Connaughton,42.9,57.1,20.7,SG
2018-19,Patrick Beverley,40.9,59.1,27.4,PG
2018-19,Patrick McCaw,55.6,44.4,13.7,SG
2018-19,Patrick Patterson,37.4,62.6,13.7,PF
2018-19,Patty Mills,39.1,60.9,23.3,PG
2018-19,Pau Gasol,86.2,13.8,12.0,C
2018-19,Paul George,53.1,46.9,36.9,SF
2018-19,Paul Millsap,76.1,23.9,27.1,PF
2018-19,Quincy Pondexter,69.0,31.0,5.5,SF
2018-19,Quinn Cook,54.4,45.6,14.3,PG
2018-19,Rajon Rondo,67.1,32.9,29.8,PG
2018-19,Raul Neto,62.7,37.3,12.8,PG
2018-19,Rawle Alkins,69.2,30.8,12.0,SG
2018-19,Ray Spalding,93.6,6.4,10.5,PF
2018-19,Raymond Felton,54.8,45.2,11.5,PG
2018-19,Reggie Bullock,33.8,66.2,29.8,SG
2018-19,Reggie Jackson,55.0,45.0,27.9,PG
2018-19,Richaun Holmes,100.0,0.0,16.9,C
2018-19,Ricky Rubio,65.2,34.8,27.9,PG
2018-19,Robert Covington,37.8,62.2,34.4,SF
2018-19,Robin Lopez,94.2,5.8,21.7,C
2018-19,Rodions Kurucs,59.0,41.0,20.5,SF
2018-19,Rodney Hood,64.8,35.2,26.3,SG
2018-19,Rodney McGruder,51.2,48.8,23.5,SG
2018-19,Ron Baker,35.0,65.0,10.1,SG
2018-19,Rondae Hollis-Jefferson,89.9,10.1,20.9,SF
2018-19,Royce O'Neale,48.7,51.3,20.4,SF
2018-19,Rudy Gay,75.3,24.7,26.7,PF
2018-19,Rudy Gobert,100.0,0.0,31.8,C
2018-19,Russell Westbrook,72.1,27.9,36.0,PG
2018-19,Ryan Anderson,42.0,58.0,12.9,PF
2018-19,Ryan Arcidiacono,48.1,51.9,24.2,PG
2018-19,Ryan Broekhoff,26.2,73.8,10.8,SG
2018-19,Salah Mejri,69.6,30.4,11.1,C
2018-19,Sam Dekker,75.8,24.2,16.8,PF
2018-19,Semi Ojeleye,43.7,56.3,10.6,PF
2018-19,Serge Ibaka,80.7,19.3,27.2,C
2018-19,Seth Curry,46.0,54.0,18.9,SG
2018-19,Shabazz Napier,47.6,52.4,17.6,PG
2018-19,Shai Gilgeous-Alexander,80.6,19.4,26.5,PG
2018-19,Shake Milton,49.4,50.6,13.4,SG
2018-19,Shaquille Harrison,79.1,20.9,19.6,PG
2018-19,Shaun Livingston,99.0,1.0,15.1,PG
2018-19,Shelvin Mack,67.7,32.3,21.9,PG
2018-19,Sindarius Thornwell,69.4,30.6,4.9,SG
2018-19,Solomon Hill,43.3,56.7,20.0,SF
2018-19,Spencer Dinwiddie,55.3,44.7,28.1,PG
2018-19,Stanley Johnson,51.1,48.9,18.3,SF
2018-19,Stephen Curry,39.6,60.4,33.8,PG
2018-19,Sterling Brown,52.9,47.1,17.8,SG
2018-19,Steven Adams,99.8,0.2,33.4,C
2018-19,T.J. McConnell,90.0,10.0,19.3,PG
2018-19,T.J. Warren,70.5,29.5,31.6,SF
2018-19,Taj Gibson,93.7,6.3,24.1,PF
2018-19,Terrance Ferguson,32.7,67.3,26.1,SG
2018-19,Terrence Ross,44.9,55.1,26.5,SG
2018-19,Terry Rozier,49.4,50.6,22.7,PG
2018-19,Thabo Sefolosha,47.7,52.3,12.2,SF
2018-19,Thaddeus Young,82.6,17.4,30.7,PF
2018-19,Theo Pinson,37.0,63.0,11.7,SG
2018-19,Thomas Bryant,80.3,19.7,20.8,C
2018-19,Thomas Welsh,46.2,53.8,3.3,C
2018-19,Thon Maker,42.9,57.1,15.2,C
2018-19,Tim Frazier,61.3,38.7,19.0,PG
2018-19,Tobias Harris,68.7,31.3,34.7,PF
2018-19,Tony Bradley,100.0,0.0,12.0,C
2018-19,Tony Parker,89.0,11.0,17.9,PG
2018-19,Tony Snell,43.5,56.5,17.6,SF
2018-19,Torrey Craig,48.1,51.9,20.0,SF
2018-19,Trae Young,61.6,38.4,30.9,PG
2018-19,Treveon Graham,33.0,67.0,20.4,SG
2018-19,Trevon Duval,66.7,33.3,1.9,PG
2018-19,Trevor Ariza,41.0,59.0,34.0,SF
2018-19,Trey Burke,71.0,29.0,19.4,PG
2018-19,Trey Lyles,59.6,40.4,17.5,PF
2018-19,Tristan Thompson,100.0,0.0,27.9,C
2018-19,Troy Caupain,62.5,37.5,3.9,PG
2018-19,Troy Daniels,29.5,70.5,14.9,SG
2018-19,Troy Williams,55.1,44.9,14.9,SF
2018-19,Tyler Cavanaugh,50.0,50.0,3.6,PF
2018-19,Tyler Dorsey,50.0,50.0,14.5,SG
2018-19,Tyler Johnson,50.6,49.4,26.8,PG
2018-19,Tyler Lydon,44.4,55.6,3.7,PF
2018-19,Tyreke Evans,67.3,32.7,20.3,SG
2018-19,Tyrone Wallace,91.2,8.8,10.1,PG
2018-19,Tyson Chandler,99.0,1.0,15.9,C
2018-19,Tyus Jones,71.7,28.3,22.9,PG
2018-19,Udonis Haslem,63.6,36.4,7.5,C
2018-19,Victor Oladipo,63.3,36.7,31.9,SG
2018-19,Vince Carter,32.5,67.5,17.5,PF
2018-19,Wayne Ellington,18.6,81.4,24.5,SG
2018-19,Wayne Selden,64.0,36.0,19.2,SG
2018-19,Wesley Johnson,40.6,59.4,14.1,SF
2018-19,Wesley Matthews,42.3,57.7,30.3,SF
2018-19,Will Barton,57.4,42.6,27.7,SG
2018-19,Willie Cauley-Stein,99.7,0.3,27.3,C
2018-19,Wilson Chandler,42.1,57.9,23.1,PF
2018-19,Yante Maten,75.0,25.0,6.5,PF
2018-19,Yogi Ferrell,57.7,42.3,15.0,PG
2018-19,Yuta Watanabe,68.6,31.4,11.6,SF
2018-19,Zach Collins,69.8,30.3,17.6,C
2018-19,Zach LaVine,71.7,28.3,34.5,SG
2018-19,Zach Lofton,0.0,100.0,3.8,SG
2018-19,Zaza Pachulia,97.9,2.1,12.9,C
2018-19,Zhaire Smith,52.9,47.1,18.4,SG
